{
  "CustomLocations": [
    {
      "Name": "Unknown",
      "Pitch": -0.000000,
      "Roll": 0.000000,
      "X": -1587.543335,
      "Y": -3011.416748,
      "Yaw": -1.069723,
      "Z": -80.306107
    },
    {
      "Name": "Unknown",
      "Pitch": -0.0,
      "Roll": 0.0,
      "X": -444.508148,
      "Y": 674.612183,
      "Yaw": -2.717218,
      "Z": 150.412506
    }
  ]
}